<?xml version="1.0" encoding="UTF-8"?>
<mxfile host="app.diagrams.net" modified="2022-07-02T12:39:35.397Z" agent="5.0 (Macintosh; Intel Mac OS X 10_15_7) AppleWebKit/537.36 (KHTML, like Gecko) Chrome/103.0.0.0 Safari/537.36" etag="NkCO54ZsjZ65wLzL-cvu" version="20.0.4" type="google">
  <diagram name="Dark Tactic" id="l0Nm16xPyQFKt_HX4R-E">
    <mxGraphModel dx="1746" dy="824" grid="1" gridSize="10" guides="1" tooltips="1" connect="1" arrows="1" fold="1" page="1" pageScale="1" pageWidth="827" pageHeight="1169" math="0" shadow="0">
      <root>
        <mxCell id="g6xjUwb1L_4xmi_dHNkK-0" />
        <mxCell id="g6xjUwb1L_4xmi_dHNkK-1" parent="g6xjUwb1L_4xmi_dHNkK-0" />
        <mxCell id="g6xjUwb1L_4xmi_dHNkK-2" value="&lt;b&gt;PARTICIPANT:&lt;/b&gt;&lt;br&gt;&lt;font color=&quot;#0000de&quot;&gt;placeholder&lt;/font&gt;" style="shape=umlActor;verticalLabelPosition=bottom;verticalAlign=top;html=1;outlineConnect=0;" parent="g6xjUwb1L_4xmi_dHNkK-1" vertex="1">
          <mxGeometry x="185" y="225" width="30" height="60" as="geometry" />
        </mxCell>
        <mxCell id="g6xjUwb1L_4xmi_dHNkK-3" value="&lt;br&gt;&lt;br&gt;&lt;br&gt;&lt;br&gt;&lt;br&gt;&lt;br&gt;&lt;br&gt;&lt;br&gt;&lt;b&gt;&lt;font color=&quot;#000000&quot;&gt;CONTEXT:&lt;/font&gt;&lt;/b&gt;&lt;br&gt;placeholder" style="rounded=0;whiteSpace=wrap;html=1;fontColor=#0000DE;fillColor=#E6E6E6;strokeColor=none;" parent="g6xjUwb1L_4xmi_dHNkK-1" vertex="1">
          <mxGeometry x="255" y="190" width="270" height="170" as="geometry" />
        </mxCell>
        <mxCell id="g6xjUwb1L_4xmi_dHNkK-4" style="edgeStyle=orthogonalEdgeStyle;rounded=0;orthogonalLoop=1;jettySize=auto;html=1;exitX=0.25;exitY=0;exitDx=0;exitDy=0;entryX=0.344;entryY=0.988;entryDx=0;entryDy=0;entryPerimeter=0;endArrow=none;endFill=0;dashed=1;" parent="g6xjUwb1L_4xmi_dHNkK-1" source="g6xjUwb1L_4xmi_dHNkK-5" target="g6xjUwb1L_4xmi_dHNkK-10" edge="1">
          <mxGeometry relative="1" as="geometry" />
        </mxCell>
        <mxCell id="g6xjUwb1L_4xmi_dHNkK-5" value="&lt;b&gt;&lt;font color=&quot;#000000&quot;&gt;&amp;nbsp;ARTIFACT:&lt;/font&gt;&lt;/b&gt;&lt;br&gt;&amp;nbsp;placeholder" style="rounded=0;whiteSpace=wrap;html=1;fontColor=#0000DE;fillColor=#F2F2F2;align=left;" parent="g6xjUwb1L_4xmi_dHNkK-1" vertex="1">
          <mxGeometry x="295" y="200" width="210" height="110" as="geometry" />
        </mxCell>
        <mxCell id="g6xjUwb1L_4xmi_dHNkK-6" style="edgeStyle=orthogonalEdgeStyle;rounded=0;orthogonalLoop=1;jettySize=auto;html=1;exitX=0.5;exitY=0.5;exitDx=0;exitDy=0;exitPerimeter=0;entryX=0;entryY=0.5;entryDx=0;entryDy=0;fontColor=#0000DE;startArrow=classic;startFill=1;dashed=1;" parent="g6xjUwb1L_4xmi_dHNkK-1" source="g6xjUwb1L_4xmi_dHNkK-2" target="g6xjUwb1L_4xmi_dHNkK-5" edge="1">
          <mxGeometry relative="1" as="geometry" />
        </mxCell>
        <mxCell id="g6xjUwb1L_4xmi_dHNkK-7" value="&lt;b&gt;FEATURE:&lt;/b&gt;&lt;br&gt;&lt;font color=&quot;#0000de&quot;&gt;placeholder&lt;/font&gt;" style="rounded=0;whiteSpace=wrap;html=1;fontColor=#000000;fillColor=#FFFFFF;" parent="g6xjUwb1L_4xmi_dHNkK-1" vertex="1">
          <mxGeometry x="375" y="220" width="120" height="65" as="geometry" />
        </mxCell>
        <mxCell id="g6xjUwb1L_4xmi_dHNkK-8" value="&lt;b&gt;&lt;font color=&quot;#000000&quot;&gt;TACTIC INTENT:&lt;/font&gt;&lt;/b&gt;&lt;br&gt;placeholder" style="rhombus;whiteSpace=wrap;html=1;fontColor=#0000DE;fillColor=#FFFFFF;" parent="g6xjUwb1L_4xmi_dHNkK-1" vertex="1">
          <mxGeometry x="160" y="80" width="140" height="100" as="geometry" />
        </mxCell>
        <mxCell id="g6xjUwb1L_4xmi_dHNkK-9" style="edgeStyle=orthogonalEdgeStyle;rounded=0;orthogonalLoop=1;jettySize=auto;html=1;exitX=0;exitY=0.5;exitDx=0;exitDy=0;entryX=1;entryY=0.5;entryDx=0;entryDy=0;dashed=1;endArrow=none;endFill=0;" parent="g6xjUwb1L_4xmi_dHNkK-1" source="g6xjUwb1L_4xmi_dHNkK-10" target="g6xjUwb1L_4xmi_dHNkK-8" edge="1">
          <mxGeometry relative="1" as="geometry" />
        </mxCell>
        <mxCell id="g6xjUwb1L_4xmi_dHNkK-10" value="&lt;b&gt;INTENT MEASURE:&lt;/b&gt;&lt;br&gt;&lt;font color=&quot;#0000de&quot;&gt;placeholder&lt;/font&gt;" style="shape=step;perimeter=stepPerimeter;whiteSpace=wrap;html=1;fixedSize=1;fontColor=#000000;fillColor=#FFFFFF;size=40;" parent="g6xjUwb1L_4xmi_dHNkK-1" vertex="1">
          <mxGeometry x="285" y="92.5" width="195" height="75" as="geometry" />
        </mxCell>
      </root>
    </mxGraphModel>
  </diagram>
</mxfile>
